"t (s)","P (Pa)","Pnorm (Pa)"
0,101065,0
10.6151,101066.13,1.13000000000466
26.921801,101065.02,0.0200000000040745
42.767799,101063.93,-1.07000000000698
67.881798,101062.2,-2.80000000000291
107.6848,101070.04,5.0399999999936
170.76781,101082.44,17.4400000000023
270.7468,101075.54,10.5399999999936
370.7468,101068.66,3.66000000000349
470.7468,101061.79,-3.2100000000064
570.74683,101054.94,-10.0599999999977
670.74683,101074.66,9.66000000000349
770.74683,101094.34,29.3399999999965
870.74683,101087.42,22.4199999999983
970.74683,101080.52,15.5200000000041
1070.7468,101073.63,8.63000000000466
1170.7468,101066.77,1.77000000000407
1270.7468,101059.91,-5.08999999999651
1370.7468,101053.08,-11.9199999999983
1470.7468,101072.85,7.85000000000582
1570.7468,101092.59,27.5899999999965
1670.7468,101085.69,20.6900000000023
1770.7468,101078.8,13.8000000000029
1870.7468,101071.93,6.92999999999302
1970.7468,101065.07,0.0700000000069849
2070.7468,101058.23,-6.77000000000407
2170.7468,101051.41,-13.5899999999965
2270.7468,101071.24,6.24000000000524
2370.7468,101091.03,26.0299999999988
2470.7468,101084.14,19.1399999999994
2570.7468,101077.27,12.2700000000041
2670.7468,101070.41,5.41000000000349
2770.7468,101063.57,-1.42999999999302
2870.7468,101056.74,-8.25999999999476
2970.7468,101076.6,11.6000000000058
3070.7468,101096.43,31.429999999993
3170.7468,101089.53,24.5299999999988
3270.7468,101082.66,17.6600000000035
3370.7468,101075.79,10.7899999999936
3470.7468,101068.95,3.94999999999709
3570.7468,101062.12,-2.88000000000466
3670.7468,101055.3,-9.69999999999709
3770.7468,101075.22,10.2200000000012
3870.7468,101095.09,30.0899999999965
3970.7468,101088.21,23.2100000000064
4070.7468,101081.34,16.3399999999965
4170.7466,101074.5,9.5
4270.7466,101067.66,2.66000000000349
4370.7466,101060.84,-4.16000000000349
4470.7466,101054.05,-10.9499999999971
4570.7466,101074.01,9.00999999999476
4670.7466,101093.94,28.9400000000023
4770.7466,101087.06,22.0599999999977
4870.7466,101080.21,15.2100000000064
4970.7466,101073.38,8.38000000000466
5070.7466,101066.55,1.55000000000291
5170.7466,101059.75,-5.25
5270.7466,101052.96,-12.0399999999936
5370.7466,101072.97,7.97000000000116
5470.7466,101092.95,27.9499999999971
5570.7466,101086.09,21.0899999999965
5670.7466,101079.25,14.25
5770.7466,101072.42,7.41999999999825
5870.7466,101065.61,0.610000000000582
5970.7466,101058.81,-6.19000000000233
6070.7466,101052.04,-12.9600000000064
6170.7466,101072.09,7.08999999999651
6270.7466,101092.13,27.1300000000047
6370.7466,101085.27,20.2700000000041
6470.7466,101078.45,13.4499999999971
6570.7466,101071.63,6.63000000000466
6670.7466,101064.83,-0.169999999998254
6770.7466,101058.04,-6.9600000000064
6870.7466,101078.13,13.1300000000047
6970.7466,101098.19,33.1900000000023
7070.7466,101091.34,26.3399999999965
7170.7466,101084.49,19.4900000000052
7270.7466,101077.67,12.6699999999983
7370.7466,101070.87,5.86999999999534
7470.7466,101064.07,-0.929999999993015
7570.7466,101057.3,-7.69999999999709
7670.7466,101077.44,12.4400000000023
7770.7466,101097.55,32.5500000000029
7870.7466,101090.7,25.6999999999971
7970.7466,101083.87,18.8699999999953
8070.7466,101077.05,12.0500000000029
8170.7466,101070.26,5.25999999999476
8270.7471,101063.48,-1.52000000000407
8370.7471,101056.71,-8.2899999999936
8470.7471,101076.9,11.8999999999942
8570.7471,101097.05,32.0500000000029
8670.7471,101090.22,25.2200000000012
8770.7471,101083.39,18.3899999999994
8870.7471,101076.59,11.5899999999965
8970.7471,101069.8,4.80000000000291
9070.7471,101063.02,-1.97999999999593
9170.7471,101056.27,-8.72999999999593
9270.7471,101076.5,11.5
9370.7471,101096.7,31.6999999999971
9470.7471,101089.88,24.8800000000047
9570.7471,101083.06,18.0599999999977
9670.7471,101076.27,11.2700000000041
9770.7471,101069.48,4.47999999999593
9870.7471,101062.72,-2.27999999999884
9970.7471,101055.97,-9.02999999999884
10070.747,101076.25,11.25
10170.747,101096.5,31.5
10270.747,101089.67,24.6699999999983
10370.747,101082.87,17.8699999999953
10470.747,101076.08,11.0800000000017
10570.747,101069.3,4.30000000000291
10670.747,101062.55,-2.44999999999709
10770.747,101055.8,-9.19999999999709
10870.747,101076.13,11.1300000000047
10970.747,101096.43,31.429999999993
11070.747,101089.61,24.6100000000006
11170.747,101082.81,17.8099999999977
11270.747,101076.03,11.0299999999988
11370.747,101069.27,4.27000000000407
11470.747,101062.52,-2.47999999999593
11570.747,101055.77,-9.22999999999593
11670.747,101076.15,11.1499999999942
11770.747,101096.49,31.4900000000052
11870.747,101089.68,24.679999999993
11970.747,101082.88,17.8800000000047
12070.747,101076.11,11.1100000000006
12170.747,101069.35,4.35000000000582
12270.747,101062.6,-2.39999999999418
12370.747,101055.88,-9.11999999999534
12470.747,101076.3,11.3000000000029
12570.747,101096.68,31.679999999993
12670.747,101089.88,24.8800000000047
12770.747,101083.09,18.0899999999965
12870.747,101076.31,11.3099999999977
12970.747,101069.56,4.55999999999767
13070.747,101062.82,-2.17999999999302
13170.747,101056.1,-8.89999999999418
13270.747,101076.56,11.5599999999977
13370.747,101096.98,31.9799999999959
13470.747,101090.19,25.1900000000023
13570.747,101083.41,18.4100000000035
13670.747,101076.64,11.6399999999994
13770.747,101069.89,4.88999999999942
13870.747,101063.16,-1.83999999999651
13970.747,101056.45,-8.55000000000291
14070.747,101076.95,11.9499999999971
14170.747,101097.41,32.4100000000035
14270.747,101090.63,25.6300000000047
14370.747,101083.84,18.8399999999965
14470.747,101077.09,12.0899999999965
14570.747,101070.34,5.33999999999651
14670.747,101063.61,-1.38999999999942
14770.747,101056.9,-8.10000000000582
14870.747,101077.45,12.4499999999971
14970.747,101097.96,32.9600000000064
15070.747,101091.17,26.1699999999983
15170.747,101084.4,19.3999999999942
15270.747,101077.64,12.6399999999994
15370.747,101070.9,5.89999999999418
15470.747,101064.18,-0.820000000006985
15570.747,101057.47,-7.52999999999884
15670.747,101078.05,13.0500000000029
15770.747,101098.61,33.6100000000006
15870.747,101091.83,26.8300000000017
15970.747,101085.05,20.0500000000029
16070.747,101078.3,13.3000000000029
16170.747,101071.57,6.57000000000698
16270.747,101064.85,-0.149999999994179
16370.747,101058.14,-6.86000000000058
16470.746,101078.77,13.7700000000041
16570.746,101099.37,34.3699999999953
16670.746,101092.59,27.5899999999965
16770.746,101085.82,20.820000000007
16870.746,101079.08,14.0800000000017
16970.746,101072.34,7.33999999999651
17070.746,101065.63,0.630000000004657
17170.746,101058.92,-6.08000000000175
17270.746,101052.23,-12.7700000000041
17370.746,101072.93,7.92999999999302
17470.746,101093.59,28.5899999999965
17570.746,101086.82,21.820000000007
17670.746,101080.08,15.0800000000017
17770.746,101073.34,8.33999999999651
17870.746,101066.63,1.63000000000466
17970.746,101059.93,-5.07000000000698
18070.746,101053.25,-11.75
18170.746,101073.98,8.97999999999593
18270.746,101094.67,29.6699999999983
18370.746,101087.91,22.9100000000035
18470.746,101081.17,16.1699999999983
18570.746,101074.44,9.44000000000233
18670.746,101067.73,2.72999999999593
18770.746,101061.03,-3.97000000000116
18870.746,101054.35,-10.6499999999942
18970.746,101075.13,10.1300000000047
19070.746,101095.86,30.8600000000006
19170.746,101089.09,24.0899999999965
19270.746,101082.35,17.3500000000058
19370.746,101075.63,10.6300000000047
19470.746,101068.91,3.91000000000349
19570.746,101062.23,-2.77000000000407
19670.746,101055.55,-9.44999999999709
19770.746,101076.35,11.3500000000058
19870.746,101097.13,32.1300000000047
19970.746,101090.37,25.3699999999953
20070.746,101083.63,18.6300000000047
20170.746,101076.91,11.9100000000035
20270.746,101070.2,5.19999999999709
20370.746,101063.5,-1.5
20470.746,101056.82,-8.17999999999302
20570.746,101077.67,12.6699999999983
20670.746,101098.48,33.4799999999959
20770.746,101091.73,26.7299999999959
20870.746,101084.98,19.9799999999959
20970.746,101078.26,13.2599999999948
21070.746,101071.55,6.55000000000291
21170.746,101064.86,-0.139999999999418
21270.746,101058.19,-6.80999999999767
21370.746,101079.07,14.070000000007
21470.746,101099.92,34.9199999999983
21570.746,101093.16,28.1600000000035
21670.746,101086.42,21.4199999999983
21770.746,101079.7,14.6999999999971
21870.746,101072.99,7.99000000000524
21970.746,101066.3,1.30000000000291
22070.746,101059.63,-5.36999999999534
22170.746,101052.97,-12.0299999999988
22270.746,101073.91,8.91000000000349
22370.746,101094.81,29.8099999999977
22470.746,101088.07,23.070000000007
22570.746,101081.34,16.3399999999965
22670.746,101074.64,9.63999999999942
22770.746,101067.95,2.94999999999709
22870.746,101061.27,-3.72999999999593
22970.746,101054.61,-10.3899999999994
23070.746,101075.59,10.5899999999965
23170.746,101096.53,31.5299999999988
23270.746,101089.79,24.7899999999936
23370.746,101083.07,18.070000000007
23470.746,101076.36,11.3600000000006
23570.746,101069.66,4.66000000000349
23670.746,101062.99,-2.00999999999476
23770.746,101056.33,-8.66999999999825
23870.746,101077.34,12.3399999999965
23970.746,101098.32,33.320000000007
24070.746,101091.58,26.5800000000017
24170.746,101084.85,19.8500000000058
24270.746,101078.15,13.1499999999942
24370.746,101071.45,6.44999999999709
24470.746,101064.77,-0.229999999995925
24570.746,101058.12,-6.88000000000466
24670.746,101079.16,14.1600000000035
24770.746,101100.17,35.1699999999983
24870.746,101093.43,28.429999999993
24970.746,101086.71,21.7100000000064
25070.746,101080,15
25170.746,101073.3,8.30000000000291
25270.746,101066.63,1.63000000000466
25370.746,101059.96,-5.0399999999936
25470.746,101053.32,-11.679999999993
25570.746,101074.42,9.41999999999825
25670.746,101095.48,30.4799999999959
25770.746,101088.76,23.7599999999948
25870.746,101082.05,17.0500000000029
25970.746,101075.35,10.3500000000058
26070.746,101068.67,3.66999999999825
26170.746,101062.01,-2.99000000000524
26270.746,101055.36,-9.63999999999942
26370.746,101076.49,11.4900000000052
26470.746,101097.59,32.5899999999965
26570.746,101090.87,25.8699999999953
26670.746,101084.15,19.1499999999942
26770.746,101077.45,12.4499999999971
26870.746,101070.77,5.77000000000407
26970.746,101064.11,-0.889999999999418
27070.746,101057.45,-7.55000000000291
27170.746,101078.63,13.6300000000047
27270.746,101099.76,34.7599999999948
27370.746,101093.02,28.0200000000041
27470.746,101086.31,21.3099999999977
27570.746,101079.61,14.6100000000006
27670.746,101072.93,7.92999999999302
27770.746,101066.26,1.25999999999476
27870.746,101059.61,-5.38999999999942
27970.746,101052.97,-12.0299999999988
28070.746,101074.2,9.19999999999709
28170.746,101095.38,30.3800000000047
28270.746,101088.66,23.6600000000035
28370.746,101081.95,16.9499999999971
28470.746,101075.27,10.2700000000041
28570.746,101068.59,3.58999999999651
28670.746,101061.94,-3.05999999999767
28770.746,101055.3,-9.69999999999709
28870.746,101076.55,11.5500000000029
28970.746,101097.77,32.7700000000041
29070.746,101091.05,26.0500000000029
29170.746,101084.34,19.3399999999965
29270.746,101077.66,12.6600000000035
29370.746,101070.98,5.97999999999593
29470.746,101064.32,-0.679999999993015
29570.746,101057.68,-7.32000000000698
29670.746,101078.97,13.9700000000012
29770.746,101100.21,35.2100000000064
29870.746,101093.48,28.4799999999959
29970.746,101086.78,21.7799999999988
30070.746,101080.09,15.0899999999965
30170.746,101073.41,8.41000000000349
30270.746,101066.74,1.74000000000524
30370.746,101060.1,-4.89999999999418
30470.746,101053.47,-11.5299999999988
30570.746,101074.8,9.80000000000291
30670.746,101096.1,31.1000000000058
30770.746,101089.39,24.3899999999994
30870.746,101082.7,17.6999999999971
30970.746,101076.01,11.0099999999948
31070.746,101069.34,4.33999999999651
31170.746,101062.7,-2.30000000000291
31270.746,101056.06,-8.94000000000233
31370.746,101077.43,12.429999999993
31470.746,101098.76,33.7599999999948
31570.746,101092.04,27.0399999999936
31670.746,101085.34,20.3399999999965
31770.746,101078.65,13.6499999999942
31870.746,101071.98,6.97999999999593
31970.746,101065.33,0.330000000001746
32070.746,101058.69,-6.30999999999767
32170.746,101052.07,-12.929999999993
32270.746,101073.48,8.47999999999593
32370.746,101094.86,29.8600000000006
32470.746,101088.16,23.1600000000035
32570.746,101081.46,16.4600000000064
32670.746,101074.79,9.7899999999936
32770.746,101068.13,3.13000000000466
32870.746,101061.48,-3.52000000000407
32970.746,101054.86,-10.1399999999994
33070.746,101076.3,11.3000000000029
33170.746,101097.71,32.7100000000064
33270.746,101091,26
33370.746,101084.3,19.3000000000029
33470.746,101077.63,12.6300000000047
33570.746,101070.96,5.9600000000064
33670.746,101064.31,-0.690000000002328
33770.746,101057.68,-7.32000000000698
33870.746,101079.16,14.1600000000035
33970.746,101100.59,35.5899999999965
34070.746,101093.88,28.8800000000047
34170.746,101087.17,22.1699999999983
34270.746,101080.49,15.4900000000052
34370.746,101073.82,8.82000000000698
34470.746,101067.16,2.16000000000349
34570.746,101060.53,-4.47000000000116
34670.746,101053.91,-11.0899999999965
34770.746,101075.43,10.429999999993
34870.746,101096.91,31.9100000000035
34970.746,101090.21,25.2100000000064
35070.746,101083.52,18.5200000000041
35170.746,101076.84,11.8399999999965
35270.746,101070.18,5.17999999999302
35370.746,101063.54,-1.4600000000064
35470.746,101056.91,-8.08999999999651
35570.746,101078.46,13.4600000000064
35670.746,101099.98,34.9799999999959
35770.746,101093.27,28.2700000000041
35870.746,101086.56,21.5599999999977
35970.746,101079.88,14.8800000000047
36070.746,101073.22,8.22000000000116
36170.746,101066.57,1.57000000000698
36270.746,101059.94,-5.05999999999767
36370.746,101053.32,-11.679999999993
36470.746,101074.92,9.91999999999825
36570.746,101096.48,31.4799999999959
36670.746,101089.77,24.7700000000041
36770.746,101083.09,18.0899999999965
36870.746,101076.41,11.4100000000035
36970.746,101069.76,4.75999999999476
37070.746,101063.12,-1.88000000000466
37170.746,101056.49,-8.50999999999476
37270.746,101078.13,13.1300000000047
37370.746,101099.7,34.6999999999971
37470.746,101092.99,27.9900000000052
37570.746,101086.3,21.3000000000029
37670.746,101079.63,14.6300000000047
37770.746,101072.96,7.9600000000064
37870.746,101066.31,1.30999999999767
37970.746,101059.69,-5.30999999999767
38070.746,101053.07,-11.929999999993
38170.746,101074.74,9.74000000000524
38270.746,101096.37,31.3699999999953
38370.746,101089.67,24.6699999999983
38470.746,101082.98,17.9799999999959
38570.746,101076.31,11.3099999999977
38670.746,101069.66,4.66000000000349
38770.746,101063.02,-1.97999999999593
38870.746,101056.41,-8.58999999999651
38970.746,101078.1,13.1000000000058
39070.746,101099.76,34.7599999999948
39170.746,101093.05,28.0500000000029
39270.746,101086.35,21.3500000000058
39370.746,101079.68,14.679999999993
39470.746,101073.02,8.02000000000407
39570.746,101066.38,1.38000000000466
39670.746,101059.75,-5.25
39770.746,101053.13,-11.8699999999953
39870.746,101074.88,9.88000000000466
39970.746,101096.57,31.570000000007
40070.746,101089.88,24.8800000000047
40170.746,101083.19,18.1900000000023
40270.746,101076.52,11.5200000000041
40370.746,101069.87,4.86999999999534
40470.746,101063.23,-1.77000000000407
40570.746,101056.62,-8.38000000000466
40670.746,101078.38,13.3800000000047
40770.746,101100.1,35.1000000000058
40870.746,101093.4,28.3999999999942
40970.746,101086.7,21.6999999999971
41070.746,101080.03,15.0299999999988
41170.746,101073.37,8.36999999999534
41270.746,101066.73,1.72999999999593
41370.746,101060.09,-4.91000000000349
41470.746,101053.48,-11.5200000000041
41570.746,101075.3,10.3000000000029
41670.746,101097.06,32.0599999999977
41770.746,101090.36,25.3600000000006
41870.746,101083.68,18.679999999993
41970.746,101077.01,12.0099999999948
42070.746,101070.36,5.36000000000058
42170.746,101063.72,-1.27999999999884
42270.746,101057.1,-7.89999999999418
42370.746,101078.94,13.9400000000023
42470.746,101100.73,35.7299999999959
42570.746,101094.02,29.0200000000041
42670.746,101087.33,22.3300000000017
42770.746,101080.65,15.6499999999942
42870.746,101073.98,8.97999999999593
42970.746,101067.34,2.33999999999651
43070.746,101060.72,-4.27999999999884
43170.746,101054.1,-10.8999999999942
43270.746,101075.98,10.9799999999959
43370.746,101097.81,32.8099999999977
43470.746,101091.11,26.1100000000006
43570.746,101084.42,19.4199999999983
43670.746,101077.76,12.7599999999948
43770.746,101071.1,6.10000000000582
43870.746,101064.47,-0.529999999998836
43970.746,101057.84,-7.16000000000349
44070.746,101079.74,14.7400000000052
44170.746,101101.6,36.6000000000058
44270.746,101094.89,29.8899999999994
44370.746,101088.2,23.1999999999971
44470.746,101081.52,16.5200000000041
44570.746,101074.86,9.86000000000058
44670.746,101068.21,3.2100000000064
44770.746,101061.58,-3.41999999999825
44870.746,101054.97,-10.0299999999988
44970.746,101076.91,11.9100000000035
45070.746,101098.8,33.8000000000029
45170.746,101092.1,27.1000000000058
45270.746,101085.41,20.4100000000035
45370.746,101078.74,13.7400000000052
45470.746,101072.09,7.08999999999651
45570.746,101065.45,0.44999999999709
45670.746,101058.83,-6.16999999999825
45770.746,101052.22,-12.7799999999988
45870.746,101074.2,9.19999999999709
45970.746,101096.14,31.1399999999994
46070.746,101089.44,24.4400000000023
46170.746,101082.76,17.7599999999948
46270.746,101076.09,11.0899999999965
46370.746,101069.45,4.44999999999709
46470.746,101062.81,-2.19000000000233
46570.746,101056.2,-8.80000000000291
46670.746,101078.2,13.1999999999971
46770.746,101100.16,35.1600000000035
46870.746,101093.45,28.4499999999971
46970.746,101086.76,21.7599999999948
47070.746,101080.09,15.0899999999965
47170.746,101073.43,8.42999999999302
47270.746,101066.79,1.7899999999936
47370.746,101060.16,-4.83999999999651
47470.746,101053.55,-11.4499999999971
47570.746,101075.59,10.5899999999965
47670.746,101097.59,32.5899999999965
47770.746,101090.89,25.8899999999994
47870.746,101084.2,19.1999999999971
47970.746,101077.54,12.5399999999936
48070.746,101070.88,5.88000000000466
48170.746,101064.25,-0.75
48270.746,101057.63,-7.36999999999534
48370.746,101079.7,14.6999999999971
48470.746,101101.71,36.7100000000064
48570.746,101095,30
48670.746,101088.3,23.3000000000029
48770.746,101081.63,16.6300000000047
48870.746,101074.96,9.9600000000064
48970.746,101068.32,3.32000000000698
49070.746,101061.69,-3.30999999999767
49170.746,101055.08,-9.91999999999825
49270.746,101077.18,12.179999999993
49370.746,101099.23,34.2299999999959
49470.746,101092.53,27.5299999999988
49570.746,101085.84,20.8399999999965
49670.746,101079.16,14.1600000000035
49770.746,101072.51,7.50999999999476
49870.746,101065.87,0.869999999995343
49970.746,101059.24,-5.75999999999476
50070.746,101052.64,-12.3600000000006
50170.746,101074.77,9.77000000000407
50270.746,101096.88,31.8800000000047
50370.746,101090.17,25.1699999999983
50470.746,101083.48,18.4799999999959
50570.746,101076.82,11.820000000007
50670.746,101070.17,5.16999999999825
50770.746,101063.53,-1.47000000000116
50870.746,101056.91,-8.08999999999651
50970.746,101079.08,14.0800000000017
51070.746,101101.19,36.1900000000023
51170.746,101094.48,29.4799999999959
51270.746,101087.78,22.7799999999988
51370.746,101081.1,16.1000000000058
51470.746,101074.45,9.44999999999709
51570.746,101067.8,2.80000000000291
51670.746,101061.16,-3.83999999999651
51770.746,101054.55,-10.4499999999971
51870.746,101076.75,11.75
51970.746,101098.9,33.8999999999942
52070.746,101092.2,27.1999999999971
52170.746,101085.51,20.5099999999948
52270.746,101078.84,13.8399999999965
52370.746,101072.17,7.16999999999825
52470.746,101065.53,0.529999999998836
52570.746,101058.91,-6.08999999999651
52670.746,101052.3,-12.6999999999971
52770.746,101074.53,9.52999999999884
52870.746,101096.72,31.7200000000012
52970.746,101090.02,25.0200000000041
53070.746,101083.34,18.3399999999965
53170.746,101076.66,11.6600000000035
53270.746,101070.02,5.02000000000407
53370.746,101063.38,-1.61999999999534
53470.746,101056.76,-8.24000000000524
53570.746,101079.01,14.0099999999948
53670.746,101101.22,36.2200000000012
53770.746,101094.5,29.5
53870.746,101087.8,22.8000000000029
53970.746,101081.13,16.1300000000047
54070.746,101074.46,9.4600000000064
54170.746,101067.81,2.80999999999767
54270.746,101061.18,-3.82000000000698
54370.746,101054.57,-10.429999999993
54470.746,101076.85,11.8500000000058
54570.746,101099.09,34.0899999999965
54670.746,101092.39,27.3899999999994
54770.746,101085.7,20.6999999999971
54870.746,101079.02,14.0200000000041
54970.746,101072.36,7.36000000000058
55070.746,101065.72,0.720000000001164
55170.746,101059.09,-5.91000000000349
55270.746,101052.48,-12.5200000000041
55370.746,101074.8,9.80000000000291
55470.746,101097.08,32.0800000000017
55570.746,101090.38,25.3800000000047
55670.746,101083.69,18.6900000000023
55770.746,101077.02,12.0200000000041
55870.746,101070.36,5.36000000000058
55970.746,101063.72,-1.27999999999884
56070.746,101057.09,-7.91000000000349
56170.746,101079.44,14.4400000000023
56270.746,101101.73,36.7299999999959
56370.746,101095.02,30.0200000000041
56470.746,101088.31,23.3099999999977
56570.746,101081.63,16.6300000000047
56670.746,101074.96,9.9600000000064
56770.746,101068.3,3.30000000000291
56870.746,101061.67,-3.33000000000175
56970.746,101055.05,-9.94999999999709
57070.746,101077.43,12.429999999993
57170.746,101099.76,34.7599999999948
57270.746,101093.05,28.0500000000029
57370.746,101086.34,21.3399999999965
57470.746,101079.66,14.6600000000035
57570.746,101073,8
57670.746,101066.36,1.36000000000058
57770.746,101059.73,-5.27000000000407
57870.746,101053.11,-11.8899999999994
57970.746,101075.52,10.5200000000041
58070.746,101097.88,32.8800000000047
58170.746,101091.17,26.1699999999983
58270.746,101084.48,19.4799999999959
58370.746,101077.8,12.8000000000029
58470.746,101071.14,6.13999999999942
58570.746,101064.5,-0.5
58670.746,101057.87,-7.13000000000466
58770.746,101080.3,15.3000000000029
58870.746,101102.67,37.6699999999983
58970.746,101095.95,30.9499999999971
59070.746,101089.24,24.2400000000052
59170.746,101082.55,17.5500000000029
59270.746,101075.88,10.8800000000047
59370.746,101069.22,4.22000000000116
59470.746,101062.59,-2.41000000000349
59570.746,101055.96,-9.0399999999936
59670.746,101078.41,13.4100000000035
59770.746,101100.83,35.8300000000017
59870.746,101094.11,29.1100000000006
59970.746,101087.41,22.4100000000035
60070.746,101080.72,15.7200000000012
60170.746,101074.05,9.05000000000291
60270.746,101067.4,2.39999999999418
60370.746,101060.76,-4.24000000000524
60470.746,101054.14,-10.8600000000006
60570.746,101076.63,11.6300000000047
60670.746,101099.07,34.070000000007
60770.746,101092.36,27.3600000000006
60870.746,101085.66,20.6600000000035
60970.746,101078.98,13.9799999999959
61070.746,101072.3,7.30000000000291
61170.746,101065.66,0.660000000003492
61270.746,101059.02,-5.97999999999593
61370.746,101052.41,-12.5899999999965
61470.746,101074.93,9.92999999999302
61570.746,101097.41,32.4100000000035
61670.746,101090.7,25.6999999999971
61770.746,101083.99,18.9900000000052
61870.746,101077.31,12.3099999999977
61970.746,101070.65,5.64999999999418
62070.746,101064.01,-0.990000000005239
62170.746,101057.38,-7.61999999999534
62270.746,101079.91,14.9100000000035
62370.746,101102.4,37.3999999999942
62470.746,101095.67,30.6699999999983
62570.746,101088.96,23.9600000000064
62670.746,101082.27,17.2700000000041
62770.746,101075.59,10.5899999999965
62870.746,101068.93,3.92999999999302
62970.746,101062.29,-2.7100000000064
63070.746,101055.66,-9.33999999999651
63170.746,101078.23,13.2299999999959
63270.746,101100.75,35.75
63370.746,101094.02,29.0200000000041
63470.746,101087.32,22.320000000007
63570.746,101080.63,15.6300000000047
63670.746,101073.95,8.94999999999709
63770.746,101067.3,2.30000000000291
63870.746,101060.66,-4.33999999999651
63970.746,101054.03,-10.9700000000012
64070.746,101076.63,11.6300000000047
64170.746,101099.18,34.179999999993
64270.746,101092.46,27.4600000000064
64370.746,101085.75,20.75
64470.746,101079.06,14.0599999999977
64570.746,101072.39,7.38999999999942
64670.746,101065.73,0.729999999995925
64770.746,101059.1,-5.89999999999418
64870.746,101052.48,-12.5200000000041
64970.746,101075.11,10.1100000000006
65070.746,101097.69,32.6900000000023
65170.746,101090.97,25.9700000000012
65270.746,101084.27,19.2700000000041
65370.746,101077.58,12.5800000000017
65470.746,101070.91,5.91000000000349
65570.75,101064.26,-0.740000000005239
65670.75,101057.63,-7.36999999999534
65770.75,101080.27,15.2700000000041
65870.75,101102.86,37.8600000000006
65970.75,101096.13,31.1300000000047
66070.75,101089.41,24.4100000000035
66170.75,101082.71,17.7100000000064
66270.75,101076.02,11.0200000000041
66370.75,101069.36,4.36000000000058
66470.75,101062.7,-2.30000000000291
66570.75,101056.07,-8.92999999999302
66670.75,101078.75,13.75
66770.75,101101.38,36.3800000000047
66870.75,101094.64,29.6399999999994
66970.75,101087.92,22.9199999999983
67070.75,101081.23,16.2299999999959
67170.75,101074.55,9.55000000000291
67270.75,101067.88,2.88000000000466
67370.75,101061.23,-3.77000000000407
67470.75,101054.6,-10.3999999999942
67570.75,101077.3,12.3000000000029
67670.75,101099.96,34.9600000000064
67770.75,101093.23,28.2299999999959
67870.75,101086.52,21.5200000000041
67970.75,101079.82,14.820000000007
68070.75,101073.14,8.13999999999942
68170.75,101066.48,1.47999999999593
68270.75,101059.83,-5.16999999999825
68370.75,101053.2,-11.8000000000029
68470.75,101075.93,10.929999999993
68570.75,101098.62,33.6199999999953
68670.75,101091.89,26.8899999999994
68770.75,101085.17,20.1699999999983
68870.75,101078.48,13.4799999999959
68970.75,101071.8,6.80000000000291
69070.75,101065.14,0.139999999999418
69170.75,101058.5,-6.5
69270.75,101051.87,-13.1300000000047
69370.75,101074.63,9.63000000000466
69470.75,101097.34,32.3399999999965
69570.75,101090.62,25.6199999999953
69670.75,101083.91,18.9100000000035
69770.75,101077.21,12.2100000000064
69870.75,101070.54,5.5399999999936
69970.75,101063.88,-1.11999999999534
70070.75,101057.23,-7.77000000000407
70170.75,101080.01,15.0099999999948
70270.75,101102.73,37.7299999999959
70370.75,101095.98,30.9799999999959
70470.75,101089.27,24.2700000000041
70570.75,101082.55,17.5500000000029
70670.75,101075.86,10.8600000000006
70770.75,101069.19,4.19000000000233
70870.75,101062.53,-2.47000000000116
70970.75,101055.89,-9.11000000000058
71070.75,101078.69,13.6900000000023
71170.75,101101.44,36.4400000000023
71270.75,101094.7,29.6999999999971
71370.75,101087.98,22.9799999999959
71470.75,101081.27,16.2700000000041
71570.75,101074.58,9.58000000000175
71670.75,101067.91,2.91000000000349
71770.75,101061.25,-3.75
71870.75,101054.61,-10.3899999999994
71970.75,101077.44,12.4400000000023
72070.75,101100.22,35.2200000000012
72170.75,101093.48,28.4799999999959
72270.75,101086.76,21.7599999999948
72370.75,101080.05,15.0500000000029
72470.75,101073.36,8.36000000000058
72570.75,101066.69,1.69000000000233
72670.75,101060.04,-4.9600000000064
72770.75,101053.4,-11.6000000000058
72870.75,101076.25,11.25
72970.75,101099.06,34.0599999999977
73070.75,101092.32,27.320000000007
73170.75,101085.6,20.6000000000058
73270.75,101078.9,13.8999999999942
73370.75,101072.21,7.2100000000064
73470.75,101065.54,0.539999999993597
73570.75,101058.88,-6.11999999999534
73670.75,101052.25,-12.75
73770.75,101075.13,10.1300000000047
73870.75,101097.96,32.9600000000064
73970.75,101091.23,26.2299999999959
74070.75,101084.51,19.5099999999948
74170.75,101077.8,12.8000000000029
74270.75,101071.12,6.11999999999534
74370.75,101064.45,-0.55000000000291
74470.75,101057.8,-7.19999999999709
74570.75,101080.69,15.6900000000023
74670.75,101103.52,38.5200000000041
74770.75,101096.77,31.7700000000041
74870.75,101090.04,25.0399999999936
74970.75,101083.32,18.320000000007
75070.75,101076.62,11.6199999999953
75170.75,101069.93,4.92999999999302
75270.75,101063.27,-1.72999999999593
75370.75,101056.61,-8.38999999999942
75470.75,101079.53,14.5299999999988
75570.75,101102.4,37.3999999999942
75670.75,101095.65,30.6499999999942
75770.75,101088.91,23.9100000000035
75870.75,101082.2,17.1999999999971
75970.75,101075.49,10.4900000000052
76070.75,101068.8,3.80000000000291
76170.75,101062.14,-2.86000000000058
76270.75,101055.49,-9.50999999999476
76370.75,101078.43,13.429999999993
76470.75,101101.33,36.3300000000017
76570.75,101094.58,29.5800000000017
76670.75,101087.84,22.8399999999965
76770.75,101081.13,16.1300000000047
76870.75,101074.42,9.41999999999825
76970.75,101067.74,2.74000000000524
77070.75,101061.08,-3.91999999999825
77170.75,101054.43,-10.570000000007
77270.75,101077.4,12.3999999999942
77370.75,101100.31,35.3099999999977
77470.75,101093.56,28.5599999999977
77570.75,101086.83,21.8300000000017
77670.75,101080.12,15.1199999999953
77770.75,101073.41,8.41000000000349
77870.75,101066.73,1.72999999999593
77970.75,101060.07,-4.92999999999302
78070.75,101053.42,-11.5800000000017
78170.75,101076.41,11.4100000000035
78270.75,101099.36,34.3600000000006
78370.75,101092.61,27.6100000000006
78470.75,101085.88,20.8800000000047
78570.75,101079.16,14.1600000000035
78670.75,101072.46,7.4600000000064
78770.75,101065.78,0.779999999998836
78870.75,101059.11,-5.88999999999942
78970.75,101052.46,-12.5399999999936
79070.75,101075.48,10.4799999999959
79170.75,101098.45,33.4499999999971
79270.75,101091.7,26.6999999999971
79370.75,101084.97,19.9700000000012
79470.75,101078.26,13.2599999999948
79570.75,101071.55,6.55000000000291
79670.75,101064.88,-0.119999999995343
79770.75,101058.21,-6.7899999999936
79870.75,101081.23,16.2299999999959
79970.75,101104.21,39.2100000000064
80070.75,101097.45,32.4499999999971
80170.75,101090.7,25.6999999999971
80270.75,101083.97,18.9700000000012
80370.75,101077.25,12.25
80470.75,101070.55,5.55000000000291
80570.75,101063.88,-1.11999999999534
80670.75,101057.21,-7.7899999999936
80770.75,101080.26,15.2599999999948
80870.75,101103.26,38.2599999999948
80970.75,101096.49,31.4900000000052
81070.75,101089.74,24.7400000000052
81170.75,101083.02,18.0200000000041
81270.75,101076.3,11.3000000000029
81370.75,101069.6,4.60000000000582
81470.75,101062.92,-2.08000000000175
81570.75,101056.26,-8.74000000000524
81670.75,101079.34,14.3399999999965
81770.75,101102.36,37.3600000000006
81870.75,101095.59,30.5899999999965
81970.75,101088.84,23.8399999999965
82070.75,101082.11,17.1100000000006
82170.75,101075.4,10.3999999999942
82270.75,101068.7,3.69999999999709
82370.75,101062.02,-2.97999999999593
82470.75,101055.36,-9.63999999999942
82570.75,101078.45,13.4499999999971
82670.75,101101.51,36.5099999999948
82770.75,101094.74,29.7400000000052
82870.75,101087.99,22.9900000000052
82970.75,101081.26,16.2599999999948
83070.75,101074.55,9.55000000000291
83170.75,101067.85,2.85000000000582
83270.75,101061.17,-3.83000000000175
83370.75,101054.51,-10.4900000000052
83470.75,101077.63,12.6300000000047
83570.75,101100.7,35.6999999999971
83670.75,101093.94,28.9400000000023
83770.75,101087.19,22.1900000000023
83870.75,101080.45,15.4499999999971
83970.75,101073.74,8.74000000000524
84070.75,101067.05,2.05000000000291
84170.75,101060.37,-4.63000000000466
84270.75,101053.7,-11.3000000000029
84370.75,101076.85,11.8500000000058
84470.75,101099.95,34.9499999999971
84570.75,101093.18,28.179999999993
84670.75,101086.43,21.429999999993
84770.75,101079.7,14.6999999999971
84870.75,101072.98,7.97999999999593
84970.75,101066.29,1.2899999999936
85070.75,101059.61,-5.38999999999942
85170.75,101052.95,-12.0500000000029
85270.75,101076.11,11.1100000000006
85370.75,101099.23,34.2299999999959
85470.75,101092.46,27.4600000000064
85570.75,101085.71,20.7100000000064
85670.75,101078.98,13.9799999999959
85770.75,101072.27,7.27000000000407
85870.75,101065.57,0.570000000006985
85970.75,101058.89,-6.11000000000058
86070.75,101052.23,-12.7700000000041
86170.75,101075.42,10.4199999999983
86270.75,101098.55,33.5500000000029
86370.75,101091.79,26.7899999999936
86470.75,101085.05,20.0500000000029
86570.75,101078.31,13.3099999999977
86670.75,101071.59,6.58999999999651
86770.75,101064.9,-0.100000000005821
86870.75,101058.22,-6.77999999999884
86970.75,101081.41,16.4100000000035
87070.75,101104.55,39.5500000000029
87170.75,101097.77,32.7700000000041
87270.75,101091.01,26.0099999999948
87370.75,101084.26,19.2599999999948
87470.75,101077.52,12.5200000000041
87570.75,101070.81,5.80999999999767
87670.75,101064.12,-0.880000000004657
87770.75,101057.44,-7.55999999999767
87870.75,101080.65,15.6499999999942
87970.75,101103.82,38.820000000007
88070.75,101097.03,32.0299999999988
88170.75,101090.27,25.2700000000041
88270.75,101083.52,18.5200000000041
88370.75,101076.79,11.7899999999936
88470.75,101070.07,5.07000000000698
88570.75,101063.38,-1.61999999999534
88670.75,101056.7,-8.30000000000291
88770.75,101079.93,14.929999999993
88870.75,101103.12,38.1199999999953
88970.75,101096.34,31.3399999999965
89070.75,101089.57,24.570000000007
89170.75,101082.82,17.820000000007
89270.75,101076.09,11.0899999999965
89370.75,101069.37,4.36999999999534
89470.75,101062.67,-2.33000000000175
89570.75,101055.99,-9.00999999999476
89670.75,101079.25,14.25
89770.75,101102.46,37.4600000000064
89870.75,101095.67,30.6699999999983
89970.75,101088.91,23.9100000000035
90070.75,101082.16,17.1600000000035
90170.75,101075.43,10.429999999993
90270.75,101068.71,3.7100000000064
90370.75,101062.02,-2.97999999999593
90470.75,101055.34,-9.66000000000349
90570.75,101078.61,13.6100000000006
90670.75,101101.84,36.8399999999965
90770.75,101095.05,30.0500000000029
90870.75,101088.29,23.2899999999936
90970.75,101081.54,16.5399999999936
91070.75,101074.8,9.80000000000291
91170.75,101068.09,3.08999999999651
91270.75,101061.39,-3.61000000000058
91370.75,101054.71,-10.2899999999936
91470.75,101078.01,13.0099999999948
91570.75,101101.26,36.2599999999948
91670.75,101094.48,29.4799999999959
91770.75,101087.7,22.6999999999971
91870.75,101080.95,15.9499999999971
91970.75,101074.22,9.22000000000116
92070.75,101067.51,2.50999999999476
92170.75,101060.8,-4.19999999999709
92270.75,101054.13,-10.8699999999953
92370.75,101077.45,12.4499999999971
92470.75,101100.72,35.7200000000012
92570.75,101093.93,28.929999999993
92670.75,101087.16,22.1600000000035
92770.75,101080.41,15.4100000000035
92870.75,101073.67,8.66999999999825
92970.75,101066.96,1.9600000000064
93070.75,101060.26,-4.74000000000524
93170.75,101053.58,-11.4199999999983
93270.75,101076.92,11.9199999999983
93370.75,101100.21,35.2100000000064
93470.75,101093.42,28.4199999999983
93570.75,101086.65,21.6499999999942
93670.75,101079.9,14.8999999999942
93770.75,101073.16,8.16000000000349
93870.75,101066.45,1.44999999999709
93970.75,101059.74,-5.25999999999476
94070.75,101053.06,-11.9400000000023
94170.75,101076.42,11.4199999999983
94270.75,101099.73,34.7299999999959
94370.75,101092.95,27.9499999999971
94470.75,101086.17,21.1699999999983
94570.75,101079.42,14.4199999999983
94670.75,101072.69,7.69000000000233
94770.75,101065.97,0.970000000001164
94870.75,101059.27,-5.72999999999593
94970.75,101052.59,-12.4100000000035
95070.75,101075.96,10.9600000000064
95170.75,101099.29,34.2899999999936
95270.75,101092.5,27.5
95370.75,101085.73,20.7299999999959
95470.75,101078.98,13.9799999999959
95570.75,101072.24,7.24000000000524
95670.75,101065.52,0.520000000004075
95770.75,101058.82,-6.17999999999302
95870.75,101052.13,-12.8699999999953
95970.75,101075.53,10.5299999999988
96070.75,101098.88,33.8800000000047
96170.75,101092.09,27.0899999999965
96270.75,101085.32,20.320000000007
96370.75,101078.56,13.5599999999977
96470.75,101071.83,6.83000000000175
96570.75,101065.1,0.100000000005821
96670.75,101058.4,-6.60000000000582
96770.75,101051.72,-13.2799999999988
96870.75,101075.13,10.1300000000047
96970.75,101098.5,33.5
97070.75,101091.71,26.7100000000064
97170.75,101084.94,19.9400000000023
97270.75,101078.18,13.179999999993
97370.75,101071.44,6.44000000000233
97470.75,101064.72,-0.279999999998836
97570.75,101058.02,-6.97999999999593
97670.75,101081.44,16.4400000000023
97770.75,101104.8,39.8000000000029
97870.75,101097.99,32.9900000000052
97970.75,101091.2,26.1999999999971
98070.75,101084.42,19.4199999999983
98170.75,101077.66,12.6600000000035
98270.75,101070.93,5.92999999999302
98370.75,101064.2,-0.80000000000291
98470.75,101057.5,-7.5
98570.75,101080.94,15.9400000000023
98670.75,101104.32,39.320000000007
98770.75,101097.52,32.5200000000041
98870.75,101090.72,25.7200000000012
98970.75,101083.95,18.9499999999971
99070.75,101077.19,12.1900000000023
99170.75,101070.45,5.44999999999709
99270.75,101063.73,-1.27000000000407
99370.75,101057.02,-7.97999999999593
99470.75,101080.48,15.4799999999959
99570.75,101103.88,38.8800000000047
99670.75,101097.06,32.0599999999977
99770.75,101090.27,25.2700000000041
99870.75,101083.49,18.4900000000052
99970.75,101076.73,11.7299999999959
100070.75,101069.99,4.99000000000524
100170.75,101063.27,-1.72999999999593
100270.75,101056.56,-8.44000000000233
100370.75,101080.04,15.0399999999936
100470.75,101103.46,38.4600000000064
100570.75,101096.65,31.6499999999942
100670.75,101089.85,24.8500000000058
100770.75,101083.08,18.0800000000017
100870.75,101076.31,11.3099999999977
100970.75,101069.57,4.57000000000698
101070.75,101062.85,-2.14999999999418
101170.75,101056.14,-8.86000000000058
101270.75,101079.63,14.6300000000047
101370.75,101103.07,38.070000000007
101470.75,101096.26,31.2599999999948
101570.75,101089.46,24.4600000000064
101670.75,101082.69,17.6900000000023
101770.75,101075.92,10.9199999999983
101870.75,101069.18,4.17999999999302
101970.75,101062.45,-2.55000000000291
102070.75,101055.75,-9.25
102170.75,101079.26,14.2599999999948
102270.75,101102.71,37.7100000000064
102370.75,101095.9,30.8999999999942
102470.75,101089.1,24.1000000000058
102570.75,101082.32,17.320000000007
102670.75,101075.55,10.5500000000029
102770.75,101068.81,3.80999999999767
102870.75,101062.09,-2.91000000000349
102970.75,101055.38,-9.61999999999534
103070.75,101078.91,13.9100000000035
103170.75,101102.38,37.3800000000047
103270.75,101095.56,30.5599999999977
103370.75,101088.77,23.7700000000041
103470.75,101081.98,16.9799999999959
103570.75,101075.22,10.2200000000012
103670.75,101068.48,3.47999999999593
103770.75,101061.74,-3.25999999999476
103870.75,101055.04,-9.9600000000064
103970.75,101078.58,13.5800000000017
104070.75,101102.07,37.070000000007
104170.75,101095.25,30.25
104270.75,101088.45,23.4499999999971
104370.75,101081.67,16.6699999999983
104470.75,101074.91,9.91000000000349
104570.75,101068.16,3.16000000000349
104670.75,101061.43,-3.57000000000698
104770.75,101054.72,-10.2799999999988
104870.75,101078.28,13.2799999999988
104970.75,101101.78,36.7799999999988
105070.75,101094.96,29.9600000000064
105170.75,101088.16,23.1600000000035
105270.75,101081.38,16.3800000000047
105370.75,101074.62,9.61999999999534
105470.75,101067.87,2.86999999999534
105570.75,101061.14,-3.86000000000058
105670.75,101054.42,-10.5800000000017
105770.75,101078,13
105870.75,101101.52,36.5200000000041
105970.75,101094.7,29.6999999999971
106070.75,101087.9,22.8999999999942
106170.75,101081.12,16.1199999999953
106270.75,101074.35,9.35000000000582
106370.75,101067.6,2.60000000000582
106470.75,101060.87,-4.13000000000466
106570.75,101054.16,-10.8399999999965
106670.75,101077.75,12.75
106770.75,101101.28,36.2799999999988
106870.75,101094.46,29.4600000000064
106970.75,101087.66,22.6600000000035
107070.75,101080.88,15.8800000000047
107170.75,101074.1,9.10000000000582
107270.75,101067.35,2.35000000000582
107370.75,101060.63,-4.36999999999534
107470.75,101053.91,-11.0899999999965
107570.75,101077.52,12.5200000000041
107670.75,101101.07,36.070000000007
107770.75,101094.24,29.2400000000052
107870.75,101087.44,22.4400000000023
107970.75,101080.65,15.6499999999942
108070.75,101073.88,8.88000000000466
108170.75,101067.13,2.13000000000466
108270.75,101060.4,-4.60000000000582
108370.75,101053.68,-11.320000000007
108470.75,101077.3,12.3000000000029
108570.75,101100.88,35.8800000000047
108670.75,101094.05,29.0500000000029
108770.75,101087.24,22.2400000000052
108870.75,101080.45,15.4499999999971
108970.75,101073.68,8.67999999999302
109070.75,101066.93,1.92999999999302
109170.75,101060.2,-4.80000000000291
109270.75,101053.48,-11.5200000000041
109370.75,101077.11,12.1100000000006
109470.75,101100.7,35.6999999999971
109570.75,101093.87,28.8699999999953
109670.75,101087.06,22.0599999999977
109770.75,101080.27,15.2700000000041
109870.75,101073.5,8.5
109970.75,101066.74,1.74000000000524
110070.75,101060.01,-4.99000000000524
110170.75,101053.29,-11.7100000000064
110270.75,101076.95,11.9499999999971
110370.75,101100.54,35.5399999999936
110470.75,101093.71,28.7100000000064
110570.75,101086.91,21.9100000000035
110670.75,101080.11,15.1100000000006
110770.75,101073.34,8.33999999999651
110870.75,101066.58,1.58000000000175
110970.75,101059.84,-5.16000000000349
111070.75,101053.12,-11.8800000000047
111170.75,101076.79,11.7899999999936
111270.75,101100.41,35.4100000000035
111370.75,101093.58,28.5800000000017
111470.75,101086.77,21.7700000000041
111570.75,101079.97,14.9700000000012
111670.75,101073.2,8.19999999999709
111770.75,101066.44,1.44000000000233
111870.75,101059.7,-5.30000000000291
111970.75,101052.97,-12.0299999999988
112070.75,101076.66,11.6600000000035
112170.75,101100.29,35.2899999999936
112270.75,101093.45,28.4499999999971
112370.75,101086.64,21.6399999999994
112470.75,101079.84,14.8399999999965
112570.75,101073.07,8.07000000000698
112670.75,101066.3,1.30000000000291
112770.75,101059.56,-5.44000000000233
112870.75,101052.84,-12.1600000000035
112970.75,101076.54,11.5399999999936
113070.75,101100.18,35.179999999993
113170.75,101093.35,28.3500000000058
113270.75,101086.53,21.5299999999988
113370.75,101079.73,14.7299999999959
113470.75,101072.96,7.9600000000064
113570.75,101066.2,1.19999999999709
113670.75,101059.45,-5.55000000000291
113770.75,101052.73,-12.2700000000041
113870.75,101076.44,11.4400000000023
113970.75,101100.09,35.0899999999965
114070.75,101093.27,28.2700000000041
114170.75,101086.45,21.4499999999971
114270.75,101079.65,14.6499999999942
114370.75,101072.87,7.86999999999534
114470.75,101066.1,1.10000000000582
114570.75,101059.36,-5.63999999999942
114670.75,101052.63,-12.3699999999953
114770.75,101076.36,11.3600000000006
114870.75,101100.02,35.0200000000041
114970.75,101093.19,28.1900000000023
115070.75,101086.38,21.3800000000047
115170.75,101079.57,14.570000000007
115270.75,101072.79,7.7899999999936
115370.75,101066.02,1.02000000000407
115470.75,101059.27,-5.72999999999593
115570.75,101052.55,-12.4499999999971
115670.75,101076.29,11.2899999999936
115770.75,101099.97,34.9700000000012
115870.75,101093.13,28.1300000000047
115970.75,101086.31,21.3099999999977
116070.75,101079.51,14.5099999999948
116170.75,101072.73,7.72999999999593
116270.75,101065.96,0.960000000006403
116370.75,101059.21,-5.7899999999936
116470.75,101052.48,-12.5200000000041
116570.75,101076.23,11.2299999999959
116670.75,101099.93,34.929999999993
116770.75,101093.09,28.0899999999965
116870.75,101086.27,21.2700000000041
116970.75,101079.46,14.4600000000064
117070.75,101072.68,7.67999999999302
117170.75,101065.91,0.910000000003492
117270.75,101059.16,-5.83999999999651
117370.75,101052.43,-12.570000000007
117470.75,101076.2,11.1999999999971
117570.75,101099.91,34.9100000000035
117670.75,101093.06,28.0599999999977
117770.75,101086.23,21.2299999999959
117870.75,101079.43,14.429999999993
117970.75,101072.64,7.63999999999942
118070.75,101065.88,0.880000000004657
118170.75,101059.12,-5.88000000000466
118270.75,101052.38,-12.6199999999953
118370.75,101076.16,11.1600000000035
118470.75,101099.89,34.8899999999994
118570.75,101093.05,28.0500000000029
118670.75,101086.22,21.2200000000012
118770.75,101079.41,14.4100000000035
118870.75,101072.63,7.63000000000466
118970.75,101065.85,0.850000000005821
119070.75,101059.09,-5.91000000000349
119170.75,101052.36,-12.6399999999994
119270.75,101076.16,11.1600000000035
119370.75,101099.89,34.8899999999994
119470.75,101093.05,28.0500000000029
119570.75,101086.22,21.2200000000012
119670.75,101079.41,14.4100000000035
119770.75,101072.62,7.61999999999534
119870.75,101065.84,0.839999999996508
119970.75,101059.09,-5.91000000000349
120070.75,101052.34,-12.6600000000035
120170.75,101076.16,11.1600000000035
120270.75,101099.91,34.9100000000035
120370.75,101093.05,28.0500000000029
120470.75,101086.23,21.2299999999959
120570.75,101079.41,14.4100000000035
120670.75,101072.62,7.61999999999534
120770.75,101065.84,0.839999999996508
120870.75,101059.09,-5.91000000000349
120970.75,101052.34,-12.6600000000035
121070.75,101076.16,11.1600000000035
121170.75,101099.93,34.929999999993
121270.75,101093.08,28.0800000000017
121370.75,101086.24,21.2400000000052
121470.75,101079.43,14.429999999993
121570.75,101072.63,7.63000000000466
121670.75,101065.85,0.850000000005821
121770.75,101059.09,-5.91000000000349
121870.75,101052.35,-12.6499999999942
121970.75,101076.19,11.1900000000023
122070.75,101099.96,34.9600000000064
122170.75,101093.11,28.1100000000006
122270.75,101086.27,21.2700000000041
122370.75,101079.46,14.4600000000064
122470.75,101072.66,7.66000000000349
122570.75,101065.88,0.880000000004657
122670.75,101059.12,-5.88000000000466
122770.75,101052.38,-12.6199999999953
122870.75,101076.22,11.2200000000012
122970.75,101100.01,35.0099999999948
123070.75,101093.15,28.1499999999942
123170.75,101086.31,21.3099999999977
123270.75,101079.49,14.4900000000052
123370.75,101072.7,7.69999999999709
123470.75,101065.91,0.910000000003492
123570.75,101059.15,-5.85000000000582
123670.75,101052.41,-12.5899999999965
123770.75,101076.26,11.2599999999948
123870.75,101100.06,35.0599999999977
123970.75,101093.2,28.1999999999971
124070.75,101086.37,21.3699999999953
124170.75,101079.55,14.5500000000029
124270.75,101072.74,7.74000000000524
124370.75,101065.96,0.960000000006403
124470.75,101059.2,-5.80000000000291
124570.75,101052.45,-12.5500000000029
124670.75,101076.31,11.3099999999977
124770.75,101100.13,35.1300000000047
124870.75,101093.27,28.2700000000041
124970.75,101086.42,21.4199999999983
125070.75,101079.6,14.6000000000058
125170.75,101072.8,7.80000000000291
125270.75,101066.02,1.02000000000407
125370.75,101059.24,-5.75999999999476
125470.75,101052.5,-12.5
125570.75,101076.38,11.3800000000047
125670.75,101100.2,35.1999999999971
125770.75,101093.34,28.3399999999965
125870.75,101086.49,21.4900000000052
125970.75,101079.67,14.6699999999983
126070.75,101072.87,7.86999999999534
126170.75,101066.08,1.08000000000175
126270.75,101059.3,-5.69999999999709
126370.75,101052.55,-12.4499999999971
126470.75,101076.45,11.4499999999971
126570.75,101100.28,35.2799999999988
126670.75,101093.41,28.4100000000035
126770.75,101086.57,21.570000000007
126870.75,101079.75,14.75
126970.75,101072.94,7.94000000000233
127070.75,101066.15,1.14999999999418
127170.75,101059.38,-5.61999999999534
127270.75,101052.63,-12.3699999999953
127370.75,101076.52,11.5200000000041
127470.75,101100.37,35.3699999999953
127570.75,101093.51,28.5099999999948
127670.75,101086.66,21.6600000000035
127770.75,101079.83,14.8300000000017
127870.75,101073.02,8.02000000000407
127970.75,101066.23,1.22999999999593
128070.75,101059.45,-5.55000000000291
128170.75,101052.7,-12.3000000000029
128270.75,101076.61,11.6100000000006
128370.75,101100.47,35.4700000000012
128470.75,101093.6,28.6000000000058
128570.75,101086.75,21.75
128670.75,101079.92,14.9199999999983
128770.75,101073.11,8.11000000000058
128870.75,101066.32,1.32000000000698
128970.75,101059.54,-5.4600000000064
129070.75,101052.78,-12.2200000000012
129170.75,101076.71,11.7100000000064
129270.75,101100.58,35.5800000000017
129370.75,101093.7,28.6999999999971
129470.75,101086.85,21.8500000000058
129570.75,101080.02,15.0200000000041
129670.75,101073.21,8.2100000000064
129770.75,101066.41,1.41000000000349
129870.75,101059.63,-5.36999999999534
129970.75,101052.88,-12.1199999999953
130070.75,101076.81,11.8099999999977
130170.75,101100.69,35.6900000000023
130270.75,101093.81,28.8099999999977
130370.75,101086.96,21.9600000000064
130470.75,101080.13,15.1300000000047
130570.75,101073.31,8.30999999999767
130670.75,101066.52,1.52000000000407
130770.75,101059.73,-5.27000000000407
130870.75,101052.98,-12.0200000000041
130970.75,101076.92,11.9199999999983
131070.75,101100.8,35.8000000000029
131170.75,101093.93,28.929999999993
131270.75,101087.08,22.0800000000017
131370.75,101080.24,15.2400000000052
131470.75,101073.42,8.41999999999825
131570.75,101066.63,1.63000000000466
131670.75,101059.84,-5.16000000000349
131770.75,101053.08,-11.9199999999983
131870.75,101077.03,12.0299999999988
131970.75,101100.93,35.929999999993
132070.75,101094.05,29.0500000000029
132170.75,101087.2,22.1999999999971
132270.75,101080.36,15.3600000000006
132370.75,101073.54,8.5399999999936
132470.75,101066.74,1.74000000000524
132570.75,101059.95,-5.05000000000291
132670.75,101053.19,-11.8099999999977
132770.75,101077.16,12.1600000000035
132870.75,101101.06,36.0599999999977
132970.75,101094.19,29.1900000000023
133070.75,101087.33,22.3300000000017
133170.75,101080.48,15.4799999999959
133270.75,101073.66,8.66000000000349
133370.75,101066.86,1.86000000000058
133470.75,101060.08,-4.91999999999825
133570.75,101053.3,-11.6999999999971
133670.75,101077.28,12.2799999999988
133770.75,101101.2,36.1999999999971
133870.75,101094.32,29.320000000007
133970.75,101087.46,22.4600000000064
134070.75,101080.62,15.6199999999953
134170.75,101073.8,8.80000000000291
134270.75,101066.98,1.97999999999593
134370.75,101060.2,-4.80000000000291
134470.75,101053.43,-11.570000000007
134570.75,101077.41,12.4100000000035
134670.75,101101.34,36.3399999999965
134770.75,101094.46,29.4600000000064
134870.75,101087.6,22.6000000000058
134970.75,101080.76,15.7599999999948
135070.75,101073.93,8.92999999999302
135170.75,101067.12,2.11999999999534
135270.75,101060.33,-4.66999999999825
135370.75,101053.56,-11.4400000000023
135470.75,101077.55,12.5500000000029
135570.75,101101.49,36.4900000000052
135670.75,101094.61,29.6100000000006
135770.75,101087.74,22.7400000000052
135870.75,101080.9,15.8999999999942
135970.75,101074.07,9.07000000000698
136070.75,101067.26,2.25999999999476
136170.75,101060.47,-4.52999999999884
136270.75,101053.7,-11.3000000000029
136370.75,101077.7,12.6999999999971
136470.75,101101.65,36.6499999999942
136570.75,101094.76,29.7599999999948
136670.75,101087.89,22.8899999999994
136770.75,101081.04,16.0399999999936
136870.75,101074.21,9.2100000000064
136970.75,101067.4,2.39999999999418
137070.75,101060.61,-4.38999999999942
137170.75,101053.83,-11.1699999999983
137270.75,101077.84,12.8399999999965
137370.75,101101.8,36.8000000000029
137470.75,101094.91,29.9100000000035
137570.75,101088.05,23.0500000000029
137670.75,101081.2,16.1999999999971
137770.75,101074.36,9.36000000000058
137870.75,101067.55,2.55000000000291
137970.75,101060.75,-4.25
138070.75,101053.98,-11.0200000000041
138170.75,101078,13
138270.75,101101.96,36.9600000000064
138370.75,101095.07,30.070000000007
138470.75,101088.2,23.1999999999971
138570.75,101081.34,16.3399999999965
138670.75,101074.52,9.52000000000407
138770.75,101067.7,2.69999999999709
138870.75,101060.9,-4.10000000000582
138970.75,101054.12,-10.8800000000047
139070.75,101078.15,13.1499999999942
139170.75,101102.13,37.1300000000047
139270.75,101095.23,30.2299999999959
139370.75,101088.36,23.3600000000006
139470.75,101081.51,16.5099999999948
139570.75,101074.67,9.66999999999825
139670.75,101067.85,2.85000000000582
139770.75,101061.05,-3.94999999999709
139870.75,101054.27,-10.7299999999959
139970.75,101078.31,13.3099999999977
140070.75,101102.3,37.3000000000029
140170.75,101095.4,30.3999999999942
140270.75,101088.52,23.5200000000041
140370.75,101081.67,16.6699999999983
140470.75,101074.83,9.83000000000175
140570.75,101068.01,3.00999999999476
140670.75,101061.21,-3.7899999999936
140770.75,101054.42,-10.5800000000017
140870.75,101078.48,13.4799999999959
140970.75,101102.47,37.4700000000012
141070.75,101095.57,30.570000000007
141170.75,101088.7,23.6999999999971
141270.75,101081.84,16.8399999999965
141370.75,101074.99,9.99000000000524
141470.75,101068.17,3.16999999999825
141570.75,101061.37,-3.63000000000466
141670.75,101054.58,-10.4199999999983
141770.75,101078.64,13.6399999999994
141870.75,101102.64,37.6399999999994
141970.75,101095.74,30.7400000000052
142070.75,101088.87,23.8699999999953
142170.75,101082,17
142270.75,101075.16,10.1600000000035
142370.75,101068.34,3.33999999999651
142470.75,101061.53,-3.47000000000116
142570.75,101054.74,-10.2599999999948
142670.75,101078.81,13.8099999999977
142770.75,101102.82,37.820000000007
142870.75,101095.92,30.9199999999983
142970.75,101089.04,24.0399999999936
143070.75,101082.17,17.1699999999983
143170.75,101075.33,10.3300000000017
143270.75,101068.5,3.5
143370.75,101061.7,-3.30000000000291
143470.75,101054.91,-10.0899999999965
143570.75,101078.98,13.9799999999959
143670.75,101103,38
143770.75,101096.1,31.1000000000058
143870.75,101089.21,24.2100000000064
143970.75,101082.35,17.3500000000058
144070.75,101075.5,10.5
144170.75,101068.67,3.66999999999825
144270.75,101061.86,-3.13999999999942
144370.75,101055.07,-9.92999999999302
144470.75,101079.16,14.1600000000035
144570.75,101103.19,38.1900000000023
144670.75,101096.28,31.2799999999988
144770.75,101089.39,24.3899999999994
144870.75,101082.52,17.5200000000041
144970.75,101075.68,10.679999999993
145070.75,101068.84,3.83999999999651
145170.75,101062.03,-2.97000000000116
145270.75,101055.24,-9.75999999999476
145370.75,101079.34,14.3399999999965
145470.75,101103.37,38.3699999999953
145570.75,101096.46,31.4600000000064
145670.75,101089.57,24.570000000007
145770.75,101082.7,17.6999999999971
145870.75,101075.85,10.8500000000058
145970.75,101069.02,4.02000000000407
146070.75,101062.2,-2.80000000000291
146170.75,101055.41,-9.58999999999651
146270.75,101079.52,14.5200000000041
146370.75,101103.55,38.5500000000029
146470.75,101096.65,31.6499999999942
146570.75,101089.76,24.7599999999948
146670.75,101082.88,17.8800000000047
146770.75,101076.03,11.0299999999988
146870.75,101069.2,4.19999999999709
146970.75,101062.38,-2.61999999999534
147070.75,101055.59,-9.41000000000349
147170.75,101079.7,14.6999999999971
147270.75,101103.74,38.7400000000052
147370.75,101096.84,31.8399999999965
147470.75,101089.95,24.9499999999971
147570.75,101083.07,18.070000000007
147670.75,101076.21,11.2100000000064
147770.75,101069.38,4.38000000000466
147870.75,101062.55,-2.44999999999709
147970.75,101055.76,-9.24000000000524
148070.75,101079.88,14.8800000000047
148170.75,101103.94,38.9400000000023
148270.75,101097.02,32.0200000000041
148370.75,101090.13,25.1300000000047
148470.75,101083.25,18.25
148570.75,101076.4,11.3999999999942
148670.75,101069.55,4.55000000000291
148770.75,101062.73,-2.27000000000407
148870.75,101055.94,-9.05999999999767
148970.75,101080.06,15.0599999999977
149070.75,101104.13,39.1300000000047
149170.75,101097.21,32.2100000000064
149270.75,101090.32,25.320000000007
149370.75,101083.44,18.4400000000023
149470.75,101076.58,11.5800000000017
149570.75,101069.74,4.74000000000524
149670.75,101062.91,-2.08999999999651
149770.75,101056.12,-8.88000000000466
149870.75,101080.25,15.25
149970.75,101104.32,39.320000000007
150070.75,101097.41,32.4100000000035
150170.75,101090.51,25.5099999999948
150270.75,101083.63,18.6300000000047
150370.75,101076.77,11.7700000000041
150470.75,101069.92,4.91999999999825
150570.75,101063.1,-1.89999999999418
150670.75,101056.3,-8.69999999999709
150770.75,101080.44,15.4400000000023
150870.75,101104.52,39.5200000000041
150970.75,101097.59,32.5899999999965
151070.75,101090.7,25.6999999999971
151170.75,101083.81,18.8099999999977
151270.75,101076.95,11.9499999999971
151370.75,101070.11,5.11000000000058
151470.75,101063.28,-1.72000000000116
151570.75,101056.48,-8.52000000000407
151670.75,101080.63,15.6300000000047
151770.75,101104.71,39.7100000000064
151870.75,101097.79,32.7899999999936
151970.75,101090.89,25.8899999999994
152070.75,101084.01,19.0099999999948
152170.75,101077.14,12.1399999999994
152270.75,101070.3,5.30000000000291
152370.75,101063.47,-1.52999999999884
152470.75,101056.66,-8.33999999999651
152570.75,101080.81,15.8099999999977
152670.75,101104.91,39.9100000000035
152770.75,101097.98,32.9799999999959
152870.75,101091.08,26.0800000000017
152970.75,101084.2,19.1999999999971
153070.75,101077.33,12.3300000000017
153170.75,101070.48,5.47999999999593
153270.75,101063.65,-1.35000000000582
153370.75,101056.84,-8.16000000000349
153470.75,101081,16
153570.75,101105.11,40.1100000000006
153670.75,101098.18,33.179999999993
153770.75,101091.27,26.2700000000041
153870.75,101084.38,19.3800000000047
153970.75,101077.52,12.5200000000041
154070.75,101070.66,5.66000000000349
154170.75,101063.84,-1.16000000000349
154270.75,101057.02,-7.97999999999593
154370.75,101081.2,16.1999999999971
154470.75,101105.3,40.3000000000029
154570.75,101098.38,33.3800000000047
154670.75,101091.47,26.4700000000012
154770.75,101084.58,19.5800000000017
154870.75,101077.71,12.7100000000064
154970.75,101070.85,5.85000000000582
155070.75,101064.02,-0.979999999995925
155170.75,101057.21,-7.7899999999936
155270.75,101081.38,16.3800000000047
155370.75,101105.5,40.5
155470.75,101098.57,33.570000000007
155570.75,101091.66,26.6600000000035
155670.75,101084.77,19.7700000000041
155770.75,101077.9,12.8999999999942
155870.75,101071.05,6.05000000000291
155970.75,101064.21,-0.789999999993597
156070.75,101057.39,-7.61000000000058
156170.75,101081.58,16.5800000000017
156270.75,101105.7,40.6999999999971
156370.75,101098.77,33.7700000000041
156470.75,101091.86,26.8600000000006
156570.75,101084.96,19.9600000000064
156670.75,101078.09,13.0899999999965
156770.75,101071.23,6.22999999999593
156870.75,101064.4,-0.600000000005821
156970.75,101057.58,-7.41999999999825
157070.75,101081.77,16.7700000000041
157170.75,101105.9,40.8999999999942
157270.75,101098.97,33.9700000000012
157370.75,101092.05,27.0500000000029
157470.75,101085.16,20.1600000000035
157570.75,101078.28,13.2799999999988
157670.75,101071.42,6.41999999999825
157770.75,101064.59,-0.410000000003492
157870.75,101057.77,-7.22999999999593
157970.75,101081.96,16.9600000000064
158070.75,101106.1,41.1000000000058
158170.75,101099.16,34.1600000000035
158270.75,101092.25,27.25
158370.75,101085.35,20.3500000000058
158470.75,101078.47,13.4700000000012
158570.75,101071.61,6.61000000000058
158670.75,101064.77,-0.229999999995925
158770.75,101057.95,-7.05000000000291
158870.75,101082.15,17.1499999999942
158970.75,101106.3,41.3000000000029
159070.75,101099.36,34.3600000000006
159170.75,101092.45,27.4499999999971
159270.75,101085.54,20.5399999999936
159370.75,101078.66,13.6600000000035
159470.75,101071.8,6.80000000000291
159570.75,101064.96,-0.0399999999935972
159670.75,101058.13,-6.86999999999534
159770.75,101082.34,17.3399999999965
159870.75,101106.49,41.4900000000052
159970.75,101099.55,34.5500000000029
160070.75,101092.63,27.6300000000047
160170.75,101085.73,20.7299999999959
160270.75,101078.85,13.8500000000058
160370.75,101071.99,6.99000000000524
160470.75,101065.15,0.149999999994179
160570.75,101058.32,-6.67999999999302
160670.75,101051.52,-13.4799999999959
160770.75,101075.75,10.75
160870.75,101099.92,34.9199999999983
160970.75,101093,28
161070.75,101086.09,21.0899999999965
161170.75,101079.21,14.2100000000064
161270.75,101072.34,7.33999999999651
161370.75,101065.5,0.5
161470.75,101058.67,-6.33000000000175
161570.75,101051.86,-13.1399999999994
161670.75,101076.1,11.1000000000058
161770.75,101100.28,35.2799999999988
161870.75,101093.36,28.3600000000006
161970.75,101086.45,21.4499999999971
162070.75,101079.56,14.5599999999977
162170.75,101072.7,7.69999999999709
162270.75,101065.85,0.850000000005821
162370.75,101059.02,-5.97999999999593
162470.75,101052.21,-12.7899999999936
162570.75,101076.45,11.4499999999971
162670.75,101100.64,35.6399999999994
162770.75,101093.71,28.7100000000064
162870.75,101086.8,21.8000000000029
162970.75,101079.91,14.9100000000035
163070.75,101073.05,8.05000000000291
163170.75,101066.2,1.19999999999709
163270.75,101059.36,-5.63999999999942
163370.75,101052.55,-12.4499999999971
163470.75,101076.8,11.8000000000029
163570.75,101100.99,35.9900000000052
163670.75,101094.06,29.0599999999977
163770.75,101087.16,22.1600000000035
163870.75,101080.27,15.2700000000041
163970.75,101073.41,8.41000000000349
164070.75,101066.59,1.58999999999651
164170.75,101059.79,-5.2100000000064
164270.75,101053.02,-11.9799999999959
164370.75,101077.33,12.3300000000017
164470.75,101101.59,36.5899999999965
164570.75,101094.73,29.7299999999959
164670.75,101087.89,22.8899999999994
164770.75,101081.09,16.0899999999965
164870.75,101074.31,9.30999999999767
164970.75,101067.55,2.55000000000291
165070.75,101060.84,-4.16000000000349
165170.75,101054.14,-10.8600000000006
165270.75,101078.53,13.5299999999988
165370.75,101102.88,37.8800000000047
165470.75,101096.09,31.0899999999965
165570.75,101089.32,24.320000000007
165670.75,101082.59,17.5899999999965
165770.75,101075.88,10.8800000000047
165870.75,101069.2,4.19999999999709
165970.75,101062.55,-2.44999999999709
166070.75,101055.93,-9.07000000000698
166170.75,101080.4,15.3999999999942
166270.75,101104.82,39.820000000007
166370.75,101098.1,33.1000000000058
166470.75,101091.41,26.4100000000035
166570.75,101084.75,19.75
166670.75,101078.11,13.1100000000006
166770.75,101071.5,6.5
166870.75,101064.91,-0.0899999999965075
166970.75,101058.36,-6.63999999999942
167070.75,101082.91,17.9100000000035
167170.75,101107.41,42.4100000000035
167270.75,101100.75,35.75
167370.75,101094.13,29.1300000000047
167470.75,101087.53,22.5299999999988
167570.75,101080.96,15.9600000000064
167670.75,101074.41,9.41000000000349
167770.75,101067.9,2.89999999999418
167870.75,101061.41,-3.58999999999651
167970.75,101054.94,-10.0599999999977
168070.75,101079.59,14.5899999999965
168170.75,101104.17,39.1699999999983
168270.75,101097.62,32.6199999999953
168370.75,101091.08,26.0800000000017
168470.75,101084.57,19.570000000007
168570.75,101078.09,13.0899999999965
168670.75,101071.63,6.63000000000466
168770.75,101065.2,0.19999999999709
168870.75,101058.8,-6.19999999999709
168970.75,101052.41,-12.5899999999965
169070.75,101077.16,12.1600000000035
169170.75,101101.84,36.8399999999965
169270.75,101095.37,30.3699999999953
169370.75,101088.91,23.9100000000035
169470.75,101082.49,17.4900000000052
169570.75,101076.09,11.0899999999965
169670.75,101069.72,4.72000000000116
169770.75,101063.38,-1.61999999999534
169870.75,101057.05,-7.94999999999709
169970.75,101081.85,16.8500000000058
170070.75,101106.6,41.6000000000058
170170.75,101100.19,35.1900000000023
170270.75,101093.79,28.7899999999936
170370.75,101087.42,22.4199999999983
170470.75,101081.09,16.0899999999965
170570.75,101074.77,9.77000000000407
170670.75,101068.49,3.49000000000524
170770.75,101062.23,-2.77000000000407
170870.75,101056.01,-8.99000000000524
170970.75,101080.91,15.9100000000035
171070.75,101105.77,40.7700000000041
171170.75,101099.45,34.4499999999971
171270.75,101093.15,28.1499999999942
171370.75,101086.88,21.8800000000047
171470.75,101080.65,15.6499999999942
171570.75,101074.44,9.44000000000233
171670.75,101068.25,3.25
171770.75,101062.09,-2.91000000000349
171870.75,101055.97,-9.02999999999884
171970.75,101080.98,15.9799999999959
172070.75,101105.94,40.9400000000023
172170.75,101099.71,34.7100000000064
172270.75,101093.52,28.5200000000041
172370.75,101087.35,22.3500000000058
172470.75,101081.2,16.1999999999971
172570.75,101075.09,10.0899999999965
172670.75,101069,4
172770.75,101062.94,-2.05999999999767
172870.75,101056.91,-8.08999999999651
